<font>
	<info face="VT323" size="32" bold="0" italic="0" charset="" unicode="0" stretchH="100" smooth="1" aa="1" padding="1,1,1,1" spacing="-2,-2" />
	<common lineHeight="33" base="26" scaleW="512" scaleH="512" pages="1" packed="0" />
	<pages>
		<page id="0" file="VT323-Regular.png" />
	</pages>
	<chars count="96">
		<char id="10" x="0" y="0" width="0" height="0" xoffset="0" yoffset="0" xadvance="0" page="0" chnl="0" />
		<char id="32" x="0" y="0" width="0" height="0" xoffset="-1" yoffset="25" xadvance="13" page="0" chnl="0" />
		<char id="33" x="229" y="26" width="6" height="20" xoffset="5" yoffset="8" xadvance="13" page="0" chnl="0" />
		<char id="34" x="67" y="46" width="11" height="7" xoffset="2" yoffset="5" xadvance="13" page="0" chnl="0" />
		<char id="35" x="314" y="26" width="13" height="18" xoffset="1" yoffset="10" xadvance="13" page="0" chnl="0" />
		<char id="36" x="267" y="26" width="13" height="20" xoffset="1" yoffset="8" xadvance="13" page="0" chnl="0" />
		<char id="37" x="280" y="26" width="13" height="20" xoffset="1" yoffset="8" xadvance="13" page="0" chnl="0" />
		<char id="38" x="293" y="26" width="15" height="20" xoffset="0" yoffset="8" xadvance="13" page="0" chnl="0" />
		<char id="39" x="60" y="46" width="7" height="8" xoffset="3" yoffset="5" xadvance="13" page="0" chnl="0" />
		<char id="40" x="0" y="0" width="9" height="26" xoffset="2" yoffset="5" xadvance="13" page="0" chnl="0" />
		<char id="41" x="9" y="0" width="9" height="26" xoffset="3" yoffset="5" xadvance="13" page="0" chnl="0" />
		<char id="42" x="327" y="26" width="12" height="16" xoffset="1" yoffset="10" xadvance="13" page="0" chnl="0" />
		<char id="43" x="0" y="46" width="13" height="15" xoffset="1" yoffset="10" xadvance="13" page="0" chnl="0" />
		<char id="44" x="13" y="46" width="10" height="12" xoffset="2" yoffset="21" xadvance="13" page="0" chnl="0" />
		<char id="45" x="91" y="46" width="11" height="5" xoffset="2" yoffset="15" xadvance="13" page="0" chnl="0" />
		<char id="46" x="85" y="46" width="6" height="7" xoffset="4" yoffset="21" xadvance="13" page="0" chnl="0" />
		<char id="47" x="55" y="0" width="13" height="26" xoffset="1" yoffset="5" xadvance="13" page="0" chnl="0" />
		<char id="48" x="217" y="26" width="12" height="20" xoffset="1" yoffset="8" xadvance="13" page="0" chnl="0" />
		<char id="49" x="103" y="26" width="10" height="20" xoffset="2" yoffset="8" xadvance="13" page="0" chnl="0" />
		<char id="50" x="113" y="26" width="13" height="20" xoffset="1" yoffset="8" xadvance="13" page="0" chnl="0" />
		<char id="51" x="126" y="26" width="13" height="20" xoffset="1" yoffset="8" xadvance="13" page="0" chnl="0" />
		<char id="52" x="139" y="26" width="14" height="20" xoffset="0" yoffset="8" xadvance="13" page="0" chnl="0" />
		<char id="53" x="153" y="26" width="12" height="20" xoffset="1" yoffset="8" xadvance="13" page="0" chnl="0" />
		<char id="54" x="165" y="26" width="14" height="20" xoffset="1" yoffset="8" xadvance="13" page="0" chnl="0" />
		<char id="55" x="179" y="26" width="12" height="20" xoffset="1" yoffset="8" xadvance="13" page="0" chnl="0" />
		<char id="56" x="191" y="26" width="13" height="20" xoffset="1" yoffset="8" xadvance="13" page="0" chnl="0" />
		<char id="57" x="204" y="26" width="13" height="20" xoffset="1" yoffset="8" xadvance="13" page="0" chnl="0" />
		<char id="58" x="308" y="26" width="6" height="18" xoffset="4" yoffset="10" xadvance="13" page="0" chnl="0" />
		<char id="59" x="111" y="0" width="9" height="23" xoffset="1" yoffset="10" xadvance="13" page="0" chnl="0" />
		<char id="60" x="247" y="26" width="10" height="20" xoffset="2" yoffset="8" xadvance="13" page="0" chnl="0" />
		<char id="61" x="49" y="46" width="11" height="10" xoffset="2" yoffset="13" xadvance="13" page="0" chnl="0" />
		<char id="62" x="257" y="26" width="10" height="20" xoffset="1" yoffset="8" xadvance="13" page="0" chnl="0" />
		<char id="63" x="235" y="26" width="12" height="20" xoffset="1" yoffset="8" xadvance="13" page="0" chnl="0" />
		<char id="64" x="120" y="0" width="15" height="23" xoffset="0" yoffset="5" xadvance="13" page="0" chnl="0" />
		<char id="65" x="135" y="0" width="15" height="20" xoffset="0" yoffset="8" xadvance="13" page="0" chnl="0" />
		<char id="66" x="150" y="0" width="14" height="20" xoffset="1" yoffset="8" xadvance="13" page="0" chnl="0" />
		<char id="67" x="164" y="0" width="14" height="20" xoffset="0" yoffset="8" xadvance="13" page="0" chnl="0" />
		<char id="68" x="178" y="0" width="14" height="20" xoffset="1" yoffset="8" xadvance="13" page="0" chnl="0" />
		<char id="69" x="192" y="0" width="11" height="20" xoffset="2" yoffset="8" xadvance="13" page="0" chnl="0" />
		<char id="70" x="203" y="0" width="10" height="20" xoffset="2" yoffset="8" xadvance="13" page="0" chnl="0" />
		<char id="71" x="213" y="0" width="15" height="20" xoffset="0" yoffset="8" xadvance="13" page="0" chnl="0" />
		<char id="72" x="228" y="0" width="14" height="20" xoffset="1" yoffset="8" xadvance="13" page="0" chnl="0" />
		<char id="73" x="242" y="0" width="9" height="20" xoffset="3" yoffset="8" xadvance="13" page="0" chnl="0" />
		<char id="74" x="251" y="0" width="12" height="20" xoffset="1" yoffset="8" xadvance="13" page="0" chnl="0" />
		<char id="75" x="263" y="0" width="12" height="20" xoffset="1" yoffset="8" xadvance="13" page="0" chnl="0" />
		<char id="76" x="275" y="0" width="12" height="20" xoffset="1" yoffset="8" xadvance="13" page="0" chnl="0" />
		<char id="77" x="287" y="0" width="14" height="20" xoffset="1" yoffset="8" xadvance="13" page="0" chnl="0" />
		<char id="78" x="301" y="0" width="14" height="20" xoffset="1" yoffset="8" xadvance="13" page="0" chnl="0" />
		<char id="79" x="315" y="0" width="15" height="20" xoffset="0" yoffset="8" xadvance="13" page="0" chnl="0" />
		<char id="80" x="330" y="0" width="13" height="20" xoffset="1" yoffset="8" xadvance="13" page="0" chnl="0" />
		<char id="81" x="80" y="0" width="15" height="25" xoffset="0" yoffset="8" xadvance="13" page="0" chnl="0" />
		<char id="82" x="343" y="0" width="14" height="20" xoffset="1" yoffset="8" xadvance="13" page="0" chnl="0" />
		<char id="83" x="357" y="0" width="13" height="20" xoffset="1" yoffset="8" xadvance="13" page="0" chnl="0" />
		<char id="84" x="370" y="0" width="13" height="20" xoffset="1" yoffset="8" xadvance="13" page="0" chnl="0" />
		<char id="85" x="383" y="0" width="14" height="20" xoffset="1" yoffset="8" xadvance="13" page="0" chnl="0" />
		<char id="86" x="397" y="0" width="13" height="20" xoffset="1" yoffset="8" xadvance="13" page="0" chnl="0" />
		<char id="87" x="410" y="0" width="14" height="20" xoffset="1" yoffset="8" xadvance="13" page="0" chnl="0" />
		<char id="88" x="424" y="0" width="14" height="20" xoffset="0" yoffset="8" xadvance="13" page="0" chnl="0" />
		<char id="89" x="438" y="0" width="13" height="20" xoffset="1" yoffset="8" xadvance="13" page="0" chnl="0" />
		<char id="90" x="451" y="0" width="12" height="20" xoffset="1" yoffset="8" xadvance="13" page="0" chnl="0" />
		<char id="91" x="18" y="0" width="7" height="26" xoffset="4" yoffset="5" xadvance="13" page="0" chnl="0" />
		<char id="92" x="68" y="0" width="12" height="26" xoffset="1" yoffset="5" xadvance="13" page="0" chnl="0" />
		<char id="93" x="25" y="0" width="8" height="26" xoffset="4" yoffset="5" xadvance="13" page="0" chnl="0" />
		<char id="94" x="38" y="46" width="11" height="10" xoffset="2" yoffset="8" xadvance="13" page="0" chnl="0" />
		<char id="95" x="102" y="46" width="13" height="5" xoffset="1" yoffset="23" xadvance="13" page="0" chnl="0" />
		<char id="96" x="78" y="46" width="7" height="7" xoffset="3" yoffset="5" xadvance="13" page="0" chnl="0" />
		<char id="97" x="339" y="26" width="12" height="15" xoffset="2" yoffset="13" xadvance="13" page="0" chnl="0" />
		<char id="98" x="463" y="0" width="13" height="20" xoffset="1" yoffset="8" xadvance="13" page="0" chnl="0" />
		<char id="99" x="351" y="26" width="13" height="15" xoffset="1" yoffset="13" xadvance="13" page="0" chnl="0" />
		<char id="100" x="476" y="0" width="14" height="20" xoffset="1" yoffset="8" xadvance="13" page="0" chnl="0" />
		<char id="101" x="364" y="26" width="14" height="15" xoffset="1" yoffset="13" xadvance="13" page="0" chnl="0" />
		<char id="102" x="490" y="0" width="11" height="20" xoffset="1" yoffset="8" xadvance="13" page="0" chnl="0" />
		<char id="103" x="0" y="26" width="14" height="20" xoffset="1" yoffset="13" xadvance="13" page="0" chnl="0" />
		<char id="104" x="14" y="26" width="14" height="20" xoffset="1" yoffset="8" xadvance="13" page="0" chnl="0" />
		<char id="105" x="501" y="0" width="10" height="20" xoffset="2" yoffset="8" xadvance="13" page="0" chnl="0" />
		<char id="106" x="95" y="0" width="10" height="25" xoffset="1" yoffset="8" xadvance="13" page="0" chnl="0" />
		<char id="107" x="28" y="26" width="13" height="20" xoffset="1" yoffset="8" xadvance="13" page="0" chnl="0" />
		<char id="108" x="41" y="26" width="11" height="20" xoffset="2" yoffset="8" xadvance="13" page="0" chnl="0" />
		<char id="109" x="378" y="26" width="14" height="15" xoffset="1" yoffset="13" xadvance="13" page="0" chnl="0" />
		<char id="110" x="392" y="26" width="14" height="15" xoffset="1" yoffset="13" xadvance="13" page="0" chnl="0" />
		<char id="111" x="406" y="26" width="13" height="15" xoffset="1" yoffset="13" xadvance="13" page="0" chnl="0" />
		<char id="112" x="52" y="26" width="13" height="20" xoffset="1" yoffset="13" xadvance="13" page="0" chnl="0" />
		<char id="113" x="65" y="26" width="14" height="20" xoffset="1" yoffset="13" xadvance="13" page="0" chnl="0" />
		<char id="114" x="419" y="26" width="13" height="15" xoffset="1" yoffset="13" xadvance="13" page="0" chnl="0" />
		<char id="115" x="432" y="26" width="12" height="15" xoffset="1" yoffset="13" xadvance="13" page="0" chnl="0" />
		<char id="116" x="79" y="26" width="11" height="20" xoffset="1" yoffset="8" xadvance="13" page="0" chnl="0" />
		<char id="117" x="444" y="26" width="14" height="15" xoffset="1" yoffset="13" xadvance="13" page="0" chnl="0" />
		<char id="118" x="458" y="26" width="12" height="15" xoffset="1" yoffset="13" xadvance="13" page="0" chnl="0" />
		<char id="119" x="470" y="26" width="14" height="15" xoffset="1" yoffset="13" xadvance="13" page="0" chnl="0" />
		<char id="120" x="484" y="26" width="12" height="15" xoffset="1" yoffset="13" xadvance="13" page="0" chnl="0" />
		<char id="121" x="90" y="26" width="13" height="20" xoffset="1" yoffset="13" xadvance="13" page="0" chnl="0" />
		<char id="122" x="496" y="26" width="12" height="15" xoffset="1" yoffset="13" xadvance="13" page="0" chnl="0" />
		<char id="123" x="33" y="0" width="11" height="26" xoffset="2" yoffset="5" xadvance="13" page="0" chnl="0" />
		<char id="124" x="105" y="0" width="6" height="25" xoffset="5" yoffset="6" xadvance="13" page="0" chnl="0" />
		<char id="125" x="44" y="0" width="11" height="26" xoffset="1" yoffset="5" xadvance="13" page="0" chnl="0" />
		<char id="126" x="23" y="46" width="15" height="12" xoffset="0" yoffset="8" xadvance="13" page="0" chnl="0" />
	</chars>
<kernings></kernings></font>
